"gid","szs","szsq","szq","xzjb","yygs"
20811,,,,,
20812,,,,,
20813,,,,,
20815,,,,,
20816,,,,,
20817,,,,,
20818,,,,,
20819,,,,,
20820,,,,,
20821,,,,,
20822,,,,,
20823,安徽省,安庆市,怀宁县,国家,中石化
20824,,,,,
20825,重庆市,重庆市,万州区,国家,""
20826,,,,,
20827,,,,,
20828,,,,,
20830,重庆市,重庆市,酉阳土家族苗族自治县,省,
20831,,,,,
20832,,,,,
20833,湖北省,武汉市,蔡甸区,省,武汉市天然气有限公司
20836,湖北省,仙桃市,仙桃市,省,仙桃中油燃气有限责任公司
20837,湖北省,荆门市,掇刀区,省,钟祥华润燃气有限公司
20838,湖北省,荆州市,监利市,省,监利天然气有限责任公司
20839,湖北省,荆州市,荆州区,省,荆州市津江天然气有限公司
20843,湖北省,荆门市,掇刀区,省,荆门中石油昆仑燃气有限公司
20845,湖北省,十堰市,丹江口市,省,竹山县同相天然气有限公司
20848,湖北省,荆州市,监利市,省,国家管网集团新疆煤制天然气外输管道有限责任公司
20849,湖北省,鄂州市,华容区,省,武汉葛华燃气有限公司
20850,湖北省,鄂州市,华容区,省,鄂州市安泰天然气有限责任公司
20851,湖北省,鄂州市,华容区,省,武汉葛华燃气有限公司
20852,湖北省,黄石市,黄石港区,省,黄石中石油昆仑城投燃气有限公司
20853,湖北省,黄冈市,麻城市,省,麻城市天然气发展有限公司
20854,湖北省,黄冈市,红安县,省,红安华润燃气有限公司
20855,湖北省,鄂州市,鄂城区,省,鄂州市安泰天然气有限责任公司
20856,湖北省,鄂州市,鄂城区,省,鄂州市安泰天然气有限责任公司
20857,湖北省,荆州市,公安县,省,公安县兴成燃气有限公司
20858,湖北省,恩施土家族苗族自治州,利川市,省,利川市靓利天然气有限公司
20860,湖北省,黄冈市,红安县,省,红安华润燃气有限公司
20862,湖北省,宜昌市,枝江市,省,宜昌中基天然气利用有限公司
20865,湖北省,宜昌市,宜都市,省,宜都深燃天然气有限公司
20866,湖北省,荆州市,松滋市,省,湖北晋和能源实业有限公司
20867,湖北省,荆州市,松滋市,省,湖北晋和能源实业有限公司
20868,湖北省,宜昌市,宜都市,省,中农惠沣驿站能源(松滋)有限公司
20869,湖北省,荆州市,沙市区,省,荆州市天然气发展有限责任公司
20870,湖北省,荆州市,荆州区,省,荆州市津江天然气有限公司
20871,湖北省,荆州市,沙市区,省,荆州市津江天然气有限公司
20872,湖北省,荆州市,江陵县,省,潜江华润燃气有限公司监利分公司
20873,湖北省,孝感市,安陆市,省,安陆嘉旭天然气有限公司
20874,湖北省,咸宁市,咸安区,省,咸宁华润城投燃气有限公司
20875,湖北省,咸宁市,嘉鱼县,省,西安华通新能源股份有限公司潘家湾镇分公司
20876,湖北省,咸宁市,通城县,省,通城天然气有限公司
20877,湖北省,武汉市,江夏区,省,武汉江夏华润燃气有限公司
20878,湖北省,武汉市,新洲区,省,武汉新洲华润燃气有限公司
20879,湖北省,孝感市,大悟县,省,大悟嘉旭天然气有限公司
20880,湖北省,孝感市,孝昌县,省,孝昌嘉旭天然气有限公司
20881,湖北省,宜昌市,枝江市,省,宜昌市标典天然气利用有限公司
20882,湖北省,宜昌市,夷陵区,省,宜昌中基天然气利用有限公司
20883,湖北省,宜昌市,夷陵区,省,宜昌中基天然气利用有限公司
20884,湖北省,宜昌市,秭归县,省,秭归县楚炬天然气管道有限公司
20885,湖北省,宜昌市,宜都市,省,宜都深燃天然气有限公司
20886,湖北省,宜昌市,长阳土家族自治县,省,长阳华瑞天然气有限公司
20887,湖北省,宜昌市,枝江市,省,宜昌市标典天然气利用有限公司
20888,湖北省,宜昌市,枝江市,省,宜昌市标典天然气利用有限公司
20889,湖北省,宜昌市,猇亭区,省,宜昌市城市建设投资开发有限公司
20890,湖北省,宜昌市,夷陵区,省,宜昌市城市建设投资开发有限公司
20891,湖北省,宜昌市,猇亭区,省,宜都深燃天然气有限公司
20892,湖北省,宜昌市,宜都市,省,宜都深燃天然气有限公司
20894,湖北省,荆州市,松滋市,省,湖北中农惠沣能源有限公司
20895,湖北省,荆州市,监利市,省,监利天然气有限责任公司
20896,湖北省,荆州市,监利市,省,潜江华润燃气有限公司监利分公司
20899,湖北省,武汉市,硚口区,省,武汉市天然气有限公司
20900,湖北省,武汉市,洪山区,省,武汉市天然气有限公司
20902,湖北省,武汉市,汉南区,省,武汉市天然气有限公司
20903,湖北省,武汉市,汉南区,省,武汉市天然气有限公司
20904,湖北省,武汉市,汉南区,省,武汉市天然气有限公司
20905,湖北省,武汉市,黄陂区,省,武汉市天然气有限公司
20906,湖北省,武汉市,汉阳区,省,武汉市天然气有限公司
20907,湖北省,荆州市,洪湖市,省,武汉市车都天然气有限公司
20909,湖北省,武汉市,黄陂区,省,武汉市天然气有限公司
20910,湖北省,武汉市,江夏区,省,武汉市天然气有限公司
20911,湖北省,武汉市,黄陂区,省,武汉市天然气有限公司
20912,湖北省,武汉市,江岸区,省,武汉市天然气有限公司
20915,湖北省,武汉市,江夏区,省,武汉江夏华润燃气有限公司
20917,湖北省,武汉市,硚口区,省,武汉市天然气有限公司
20919,湖北省,武汉市,汉南区,省,武汉车谷能源发展有限公司
20920,湖北省,武汉市,蔡甸区,省,武汉中石油昆仑燃气有限公司
20921,湖北省,武汉市,洪山区,省,武汉市天然气有限公司
20922,湖北省,武汉市,洪山区,省,武汉市天然气有限公司
20923,湖北省,武汉市,江夏区,省,武汉市天然气有限公司
20924,湖北省,武汉市,洪山区,省,武汉市天然气有限公司
20925,湖北省,武汉市,东西湖区,省,武汉市天然气有限公司
20926,湖北省,武汉市,江岸区,省,武汉市天然气有限公司
20927,湖北省,武汉市,蔡甸区,省,武汉市天然气有限公司
20928,湖北省,武汉市,蔡甸区,省,武汉市天然气有限公司
20929,湖北省,潜江市,潜江市,省,国家管网集团新疆煤制天然气外输管道有限责任公司
20930,湖北省,潜江市,潜江市,省,""
20931,湖北省,鄂州市,鄂城区,省,湖北能源集团鄂东天然气有限公司
20932,湖北省,黄冈市,黄州区,省,湖北能源集团鄂东天然气有限公司
20934,湖北省,武汉市,江夏区,省,武汉市天然气有限公司
20935,湖北省,武汉市,江夏区,省,武汉中石油昆仑燃气有限公司
20936,湖北省,荆州市,监利市,省,玖龙能源(监利)燃气有限公司
20937,湖北省,武汉市,洪山区,省,武钢华润燃气(武汉)有限公司
20939,湖北省,武汉市,江夏区,省,武汉市天然气有限公司
20941,湖北省,黄石市,阳新县,省,黄石中石油昆仑城投燃气有限公司
20942,湖北省,荆州市,沙市区,省,荆州市天然气发展有限责任公司
20943,湖北省,荆州市,沙市区,省,荆门市金豪力天然气有限公司
20944,湖北省,武汉市,黄陂区,省,武汉市天然气有限公司
20945,湖北省,武汉市,洪山区,省,武汉市天然气有限公司
20946,湖北省,武汉市,新洲区,省,武汉市天然气有限公司
20947,湖北省,武汉市,新洲区,省,武汉市天然气有限公司
20949,湖北省,咸宁市,咸安区,省,咸宁中石油昆仑燃气有限公司
20950,湖北省,咸宁市,咸安区,省,咸宁中石油昆仑燃气有限公司
20951,湖北省,武汉市,洪山区,省,武汉市天然气有限公司
20952,湖北省,咸宁市,嘉鱼县,省,咸宁华润城投燃气有限公司
20954,湖北省,武汉市,蔡甸区,省,武汉市天然气有限公司
20955,湖北省,孝感市,安陆市,省,安陆嘉旭天然气有限公司
20956,湖北省,黄石市,大冶市,省,大冶华润燃气有限公司
20957,湖北省,黄石市,大冶市,省,大冶华润燃气有限公司
20958,湖北省,黄石市,大冶市,省,湖北能源集团鄂东天然气有限公司
20960,湖北省,武汉市,江夏区,省,武汉江夏华润燃气有限公司
20961,湖北省,武汉市,江夏区,省,武汉江夏华润燃气有限公司
20962,湖北省,咸宁市,嘉鱼县,省,西安华通新能源股份有限公司
20963,湖北省,武汉市,汉南区,省,武汉中石油昆仑管道燃气有限公司
20966,湖北省,宜昌市,长阳土家族自治县,省,长阳华瑞天然气有限公司
20967,湖北省,宜昌市,长阳土家族自治县,省,长阳华瑞天然气有限公司
20972,湖北省,武汉市,洪山区,省,武汉中石油昆仑管道燃气有限公司
20973,湖北省,武汉市,黄陂区,省,武汉华润燃气有限公司黄陂分公司
20976,湖北省,襄阳市,宜城市,国家,中石油
20978,湖北省,十堰市,张湾区,省,十堰中石油昆仑燃气有限公司
20981,湖北省,襄阳市,襄城区,省,襄阳华润燃气有限公司
21000,湖北省,荆州市,公安县,省,公安县兴成燃气有限公司
21001,湖北省,武汉市,新洲区,省,武汉新洲华润燃气有限公司
21002,湖北省,武汉市,新洲区,省,武汉新洲华润燃气有限公司
21003,湖北省,武汉市,黄陂区,省,武汉华润燃气有限公司黄陂分公司
21009,湖北省,十堰市,竹山县,省,房县同相天然气有限公司
21010,湖北省,十堰市,竹溪县,省,竹山县同相天然气有限公司
21011,湖北省,黄冈市,蕲春县,省,蕲春赛洛天然气有限公司
21012,湖北省,恩施土家族苗族自治州,咸丰县,省,咸丰民生天然气有限公司
21013,湖北省,荆门市,沙洋县,省,沙洋华润燃气有限公司
21014,湖北省,荆门市,京山市,省,京山华润燃气有限公司
21015,湖北省,荆门市,沙洋县,省,荆门市金豪力天然气有限公司
21016,湖北省,十堰市,房县,省,房县同相天然气有限公司
21017,湖北省,荆门市,掇刀区,省,沙洋华润燃气有限公司
21018,湖北省,荆门市,钟祥市,省,钟祥华润燃气有限公司
21019,湖北省,荆门市,沙洋县,省,沙洋华润燃气有限公司
21020,湖北省,荆门市,沙洋县,省,沙洋华润燃气有限公司
21021,湖北省,随州市,广水市,省,广水中环天然气发展有限公司
21022,湖北省,荆门市,钟祥市,省,湖北省天然气发展有限公司
21023,湖北省,荆门市,掇刀区,省,荆门中石油昆仑燃气有限公司
21024,湖北省,荆门市,钟祥市,省,钟祥华润燃气有限公司
21026,湖北省,襄阳市,襄州区,省,襄阳华润燃气有限公司
21027,湖北省,宜昌市,五峰土家族自治县,省,五峰和瑞天然气有限公司
21029,湖北省,恩施土家族苗族自治州,恩施市,省,恩施州通龙燃气有限责任公司
21030,湖北省,襄阳市,枣阳市,省,枣阳华润燃气有限公司
21031,湖北省,荆门市,掇刀区,省,荆门中石油昆仑燃气有限公司
21032,湖北省,荆门市,沙洋县,省,沙洋县宏烨管道有限公司
21033,湖北省,襄阳市,樊城区,省,襄阳华润燃气有限公司
21035,湖北省,襄阳市,南漳县,省,南漳华润燃气有限公司
21036,湖北省,黄冈市,黄梅县,省,黄梅惠民天然气有限公司
21037,湖北省,黄石市,阳新县,省,阳新县华川天然气有限公司
21038,湖北省,鄂州市,华容区,省,武汉葛华燃气有限公司
21039,湖北省,黄冈市,黄州区,省,昆仑能源湖北黄冈液化天然气有限公司
21040,湖北省,黄冈市,黄州区,省,黄冈市环孚天然气有限公司
21041,湖北省,恩施土家族苗族自治州,恩施市,省,恩施州民生天然气（集团）有限公司
21042,湖北省,恩施土家族苗族自治州,咸丰县,省,恩施州民生天然气（集团）有限公司
21043,湖北省,恩施土家族苗族自治州,来凤县,省,来凤安瑞能源有限公司
21044,湖北省,恩施土家族苗族自治州,利川市,省,利川市民生天然气有限公司
21045,湖北省,黄石市,大冶市,省,大冶华润燃气有限公司
21046,湖北省,黄石市,大冶市,省,大冶华润燃气有限公司
21047,湖北省,黄石市,大冶市,省,大冶华润燃气有限公司
21048,湖北省,黄冈市,黄州区,省,湖北能源集团鄂东天然气有限公司
21049,湖北省,黄石市,西塞山区,省,黄石中石油昆仑城投燃气有限公司
21050,湖北省,黄石市,阳新县,省,黄石中石油昆仑城投燃气有限公司
21051,湖北省,黄石市,大冶市,省,大冶华润燃气有限公司
21052,湖北省,黄石市,大冶市,省,大冶华润燃气有限公司
21053,湖北省,黄石市,下陆区,省,黄石中石油昆仑城投燃气有限公司
21054,湖北省,黄石市,大冶市,省,黄石中石油昆仑城投燃气有限公司
21055,湖北省,黄石市,大冶市,省,大冶华润燃气有限公司
21056,湖北省,黄石市,下陆区,省,黄石中石油昆仑城投燃气有限公司
21057,湖北省,襄阳市,襄州区,省,襄阳华润燃气有限公司
21058,湖北省,襄阳市,宜城市,省,宜城华润燃气有限公司
21059,湖北省,襄阳市,谷城县,省,谷城华润燃气有限公司
21060,湖北省,随州市,随县,省,随县政泰天然气有限公司
21061,湖北省,襄阳市,襄城区,省,襄阳华润燃气有限公司
21062,湖北省,襄阳市,襄州区,省,襄阳华润燃气有限公司
21063,湖北省,襄阳市,襄州区,省,襄阳华润燃气有限公司
21064,湖北省,襄阳市,襄州区,省,襄阳华润燃气有限公司
21065,湖北省,恩施土家族苗族自治州,来凤县,省,来凤安瑞能源有限公司
21066,湖北省,恩施土家族苗族自治州,恩施市,省,恩施人和天然气有限公司
21067,湖北省,襄阳市,樊城区,省,襄阳华润燃气有限公司
21068,湖北省,襄阳市,襄城区,省,襄阳华润燃气有限公司
21069,湖北省,恩施土家族苗族自治州,咸丰县,省,咸丰民生天然气有限公司
21070,湖北省,恩施土家族苗族自治州,鹤峰县,省,鹤峰民生天然气有限公司
21071,湖北省,恩施土家族苗族自治州,恩施市,省,恩施州通龙燃气有限责任公司
21072,湖北省,恩施土家族苗族自治州,建始县,省,建始县通龙天然气有限责任公司
21075,江苏省,常州市,金坛区,国家,
21077,河南省,濮阳市,华龙区,国家,
21083,湖北省,宜昌市,猇亭区,省,宜昌科能天然气有限责任公司
21085,江苏省,镇江市,丹阳市,国家,
21086,湖北省,孝感市,应城市,国家,湖北省天然气发展有限公司
21087,河南省,濮阳市,清丰县,国家,
21092,天津市,天津市,滨海新区,国家,
21093,天津市,天津市,滨海新区,国家,
21096,江苏省,南通市,如东县,国家,中石油
21101,江苏省,南京市,六合区,国家,中石油
21102,广东省,惠州市,博罗县,国家,中石油
21103,新疆维吾尔自治区,吐鲁番市,高昌区,国家,中石油
21104,重庆市,重庆市,梁平区,国家,""
21105,江苏省,南京市,栖霞区,国家,中石油
21106,江苏省,无锡市,宜兴市,国家,中石油
21107,江苏省,镇江市,润州区,国家,中石油
21108,江苏省,常州市,溧阳市,国家,中石化
21109,北京市,北京市,房山区,国家,中石油
21110,河南省,郑州市,新郑市,国家,中石油
21111,河北省,沧州市,任丘市,国家,中石油
21112,河南省,洛阳市,宜阳县,国家,中石油
21113,新疆维吾尔自治区,吐鲁番市,托克逊县,国家,中石油
21114,宁夏回族自治区,银川市,永宁县,国家,中石油
21115,宁夏回族自治区,银川市,永宁县,国家,中石油
21116,安徽省,马鞍山市,当涂县,国家,中石油
21117,陕西省,榆林市,榆阳区,国家,中石油
21118,江西省,赣州市,章贡区,国家,中石油
21119,河南省,三门峡市,灵宝市,国家,中石油
21120,北京市,北京市,怀柔区,国家,中石油
21121,天津市,天津市,静海区,国家,中石油
21122,天津市,天津市,津南区,国家,中石油
21123,江苏省,苏州市,相城区,国家,中石油
21124,浙江省,湖州市,长兴县,国家,中石油
21125,江苏省,南京市,六合区,国家,中石油
21127,江苏省,镇江市,句容市,国家,中石油
21131,陕西省,榆林市,定边县,国家,中石油
21136,河北省,唐山市,丰润区,国家,中石油
21137,山东省,德州市,临邑县,国家,""
21138,山东省,青岛市,平度市,国家,""
21140,黑龙江省,黑河市,爱辉区,国家,中石油
21141,辽宁省,铁岭市,昌图县,国家,中石油
21142,黑龙江省,大庆市,肇源县,国家,中石油
21143,黑龙江省,黑河市,五大连池市,国家,中石油
21144,江苏省,连云港市,赣榆区,国家,中石化
21145,江苏省,扬州市,仪征市,国家,中石油
21147,江苏省,连云港市,赣榆区,国家,中石化
21148,云南省,大理白族自治州,大理市,国家,""
21149,云南省,玉溪市,江川区,国家,""
21150,云南省,昆明市,安宁市,国家,""
21152,甘肃省,张掖市,甘州区,国家,中石油
21153,甘肃省,武威市,凉州区,国家,中石油
21154,甘肃省,金昌市,金川区,国家,中石油
21155,云南省,丽江市,古城区,国家,""
21156,新疆维吾尔自治区,昌吉回族自治州,昌吉市,国家,中石油
21157,新疆维吾尔自治区,塔城地区,乌苏市,国家,中石油
21158,甘肃省,嘉峪关市,嘉峪关市,国家,中石油
21159,甘肃省,嘉峪关市,嘉峪关市,国家,中石油
21160,广西壮族自治区,南宁市,隆安县,国家,""
21161,广西壮族自治区,贵港市,港北区,国家,""
21162,广西壮族自治区,玉林市,玉州区,国家,""
21163,河南省,郑州市,上街区,国家,""
21164,山西省,晋城市,沁水县,国家,""
21165,安徽省,合肥市,庐阳区,国家,""
21166,广西壮族自治区,南宁市,西乡塘区,国家,""
21167,广西壮族自治区,百色市,右江区,国家,""
21169,江苏省,苏州市,太仓市,国家,""
21170,江苏省,苏州市,太仓市,国家,""
21171,上海市,上海市,宝山区,国家,""
21176,河北省,廊坊市,永清县,国家,中石油
21177,黑龙江省,齐齐哈尔市,拜泉县,国家,中石油
21178,黑龙江省,大庆市,肇州县,国家,中石油
21179,天津市,天津市,宝坻区,国家,中石油
21181,辽宁省,大连市,金州区,国家,中石油
21182,辽宁省,抚顺市,望花区,国家,中石油
21183,吉林省,松原市,前郭尔罗斯蒙古族自治县,国家,中石油
21184,辽宁省,辽阳市,辽阳县,国家,中石油
21185,辽宁省,营口市,大石桥市,国家,中石油
21186,辽宁省,辽阳市,辽阳县,国家,中石油
21187,辽宁省,大连市,金州区,国家,中石油
21188,辽宁省,锦州市,北镇市,国家,中石油
21189,辽宁省,锦州市,太和区,国家,中石油
21190,辽宁省,葫芦岛市,连山区,国家,中石油
21191,辽宁省,大连市,金州区,国家,中石油
21192,湖南省,株洲市,芦淞区,国家,""
21193,湖南省,邵阳市,双清区,国家,""
21194,湖北省,黄冈市,红安县,省,湖北省天然气发展有限公司
21195,湖北省,黄冈市,麻城市,省,湖北省天然气发展有限公司
21203,贵州省,遵义市,汇川区,国家,""
21204,广西壮族自治区,南宁市,宾阳县,国家,中石化
21205,广西壮族自治区,梧州市,苍梧县,国家,""
21206,广西壮族自治区,梧州市,苍梧县,国家,""
21207,广西壮族自治区,河池市,宜州区,国家,""
21212,湖北省,天门市,天门市,省,湖北省天然气发展有限公司
21213,湖北省,随州市,曾都区,省,湖北省天然气发展有限公司
21214,湖北省,黄石市,大冶市,省,湖北省天然气发展有限公司
21215,湖北省,黄冈市,黄梅县,省,湖北省天然气发展有限公司
21216,湖北省,荆门市,掇刀区,国家,""
21217,湖北省,仙桃市,仙桃市,省,湖北省天然气发展有限公司
21218,湖南省,岳阳市,华容县,省,湖南省天然气管网有限公司
21219,湖南省,益阳市,南县,省,湖南省天然气管网有限公司
21220,湖北省,黄冈市,红安县,省,湖北省天然气发展有限公司
21221,湖北省,恩施土家族苗族自治州,巴东县,国家,""
21222,湖北省,恩施土家族苗族自治州,恩施市,省,湖北省天然气发展有限公司
21223,湖北省,襄阳市,樊城区,省,""
21224,甘肃省,甘南藏族自治州,夏河县,国家,中石油
21225,湖南省,湘潭市,岳塘区,国家,""
21226,云南省,大理白族自治州,大理市,国家,""
21227,云南省,楚雄彝族自治州,禄丰市,国家,""
21228,甘肃省,白银市,白银区,国家,中石油
21229,甘肃省,临夏回族自治州,永靖县,国家,中石油
21231,甘肃省,甘南藏族自治州,夏河县,国家,中石油
21232,甘肃省,天水市,武山县,国家,""
21233,甘肃省,兰州市,榆中县,国家,中石油
21234,甘肃省,定西市,安定区,国家,中石油
21235,甘肃省,兰州市,榆中县,国家,中石油
21236,广西壮族自治区,南宁市,青秀区,国家,中石化
21237,湖南省,永州市,零陵区,国家,""
21238,湖南省,株洲市,醴陵市,国家,""
21239,甘肃省,天水市,清水县,国家,中石油
21241,甘肃省,白银市,景泰县,国家,中石油
21242,云南省,德宏傣族景颇族自治州,陇川县,国家,""
21243,广西壮族自治区,北海市,铁山港区,国家,中石化
21244,江西省,萍乡市,上栗县,国家,""
21245,湖南省,株洲市,芦淞区,国家,""
21247,广东省,茂名市,茂南区,国家,中石化
21248,广西壮族自治区,桂林市,临桂区,国家,""
21249,宁夏回族自治区,固原市,隆德县,国家,""
21250,四川省,广元市,利州区,国家,""
21251,江西省,宜春市,袁州区,国家,中石油
21252,广西壮族自治区,柳州市,柳北区,国家,中石化
21253,广西壮族自治区,桂林市,临桂区,国家,""
21254,广西壮族自治区,柳州市,柳城县,国家,""
21255,广西壮族自治区,桂林市,永福县,国家,""
21257,湖北省,恩施土家族苗族自治州,利川市,省,""
21258,湖北省,荆州市,监利市,国家,国家管网集团新疆煤制天然气外输管道有限责任公司
21259,湖北省,恩施土家族苗族自治州,利川市,省,""
21260,江苏省,常州市,金坛区,国家,中石化
21261,江苏省,南京市,六合区,国家,中石化
21262,江苏省,镇江市,句容市,国家,中石化
21263,江苏省,南京市,栖霞区,国家,中石化
21264,新疆维吾尔自治区,乌鲁木齐市,沙依巴克区,国家,中石油
21265,新疆维吾尔自治区,乌鲁木齐市,米东区,国家,中石油
21266,广东省,深圳市,宝安区,国家,""
21269,山西省,吕梁市,临县,国家,中石油
21271,河北省,石家庄市,井陉县,国家,中石油
21281,新疆维吾尔自治区,博尔塔拉蒙古自治州,精河县,国家,中石油
21282,新疆维吾尔自治区,乌鲁木齐市,乌鲁木齐县,国家,中石油
21283,甘肃省,酒泉市,瓜州县,国家,中石油
21284,甘肃省,嘉峪关市,嘉峪关市,国家,中石油
21285,新疆维吾尔自治区,塔城地区,乌苏市,国家,中石油
21287,宁夏回族自治区,中卫市,沙坡头区,国家,中石油
21288,新疆维吾尔自治区,塔城地区,沙湾市,国家,中石油
21290,江苏省,无锡市,滨湖区,国家,""
21291,山西省,晋城市,泽州县,国家,""
21292,河南省,郑州市,中原区,国家,""
21293,安徽省,淮南市,大通区,国家,""
21294,山西省,临汾市,吉县,国家,""
21295,山西省,晋城市,沁水县,国家,""
21296,上海市,上海市,青浦区,国家,""
21297,河南省,开封市,祥符区,国家,中石化
21298,河南省,开封市,顺河回族区,国家,中石化
21299,山东省,菏泽市,东明县,国家,中石化
21300,陕西省,榆林市,榆阳区,国家,中石化
21301,吉林省,辽源市,龙山区,国家,中石油
21302,吉林省,通化市,东昌区,国家,中石油
21303,吉林省,白山市,浑江区,国家,中石油
21304,吉林省,通化市,梅河口市,国家,中石油
21305,广东省,东莞市,东莞市,国家,中石油
21306,河北省,廊坊市,香河县,国家,中石油
21308,北京市,北京市,平谷区,国家,中石油
21309,甘肃省,张掖市,甘州区,国家,中石油
21310,甘肃省,武威市,古浪县,国家,中石油
21311,广东省,潮州市,潮安区,国家,中石油
21312,广东省,惠州市,博罗县,国家,中石油
21313,甘肃省,酒泉市,敦煌市,国家,""
21314,新疆维吾尔自治区,哈密市,伊州区,国家,""
21315,甘肃省,酒泉市,玉门市,国家,""
21316,新疆维吾尔自治区,吐鲁番市,高昌区,国家,""
21317,辽宁省,铁岭市,开原市,国家,""
21318,辽宁省,铁岭市,铁岭县,国家,""
21319,辽宁省,沈阳市,沈北新区,国家,""
21320,吉林省,长春市,宽城区,国家,""
21321,辽宁省,沈阳市,于洪区,国家,中石油
21322,吉林省,长春市,公主岭市,国家,""
21323,吉林省,四平市,梨树县,国家,""
21324,辽宁省,铁岭市,昌图县,国家,""
21325,江苏省,扬州市,高邮市,国家,中石化
21326,江苏省,扬州市,宝应县,国家,中石化
21327,江苏省,扬州市,邗江区,国家,中石化
21328,江苏省,淮安市,淮阴区,国家,中石化
21329,安徽省,滁州市,琅琊区,国家,""
21330,安徽省,滁州市,定远县,国家,""
21331,安徽省,亳州市,利辛县,国家,""
21333,甘肃省,酒泉市,瓜州县,国家,""
21334,甘肃省,张掖市,民乐县,国家,""
21335,河南省,焦作市,博爱县,国家,""
21336,江苏省,常州市,新北区,国家,""
21338,新疆维吾尔自治区,吐鲁番市,鄯善县,国家,中石油
21339,新疆维吾尔自治区,巴音郭楞蒙古自治州,博湖县,国家,""
21340,陕西省,延安市,延川县,国家,""
21341,甘肃省,金昌市,永昌县,国家,""
21342,甘肃省,武威市,凉州区,国家,""
21343,甘肃省,张掖市,肃南裕固族自治县,国家,""
21344,陕西省,榆林市,定边县,国家,""
21345,青海省,西宁市,湟中区,国家,中石油
21346,江苏省,徐州市,邳州市,国家,中石油
21347,山东省,泰安市,岱岳区,国家,中石油
21348,江苏省,常州市,武进区,国家,中石油
21349,湖南省,郴州市,北湖区,国家,""
21351,广东省,韶关市,乐昌市,国家,""
21352,广东省,韶关市,浈江区,国家,中石化
21353,湖北省,十堰市,张湾区,国家,""
21354,湖北省,潜江市,潜江市,国家,中国石油化工股份有限公司江汉油田分公司
21355,湖南省,长沙市,长沙县,国家,""
21356,湖南省,衡阳市,衡南县,国家,""
21358,湖北省,襄阳市,老河口市,省,湖北省天然气发展有限公司
21360,湖北省,襄阳市,枣阳市,国家,""
21361,河北省,衡水市,安平县,国家,中石油
21362,甘肃省,临夏回族自治州,永靖县,国家,中石油
21363,山东省,济宁市,泗水县,国家,中石油
21364,湖南省,长沙市,长沙县,国家,""
21365,山东省,青岛市,即墨区,国家,中石油
21366,江苏省,泰州市,靖江市,国家,中石油
21367,河南省,濮阳市,濮阳县,国家,中石化
21368,内蒙古自治区,阿拉善盟,阿拉善左旗,国家,中石油
21371,河北省,衡水市,冀州区,国家,中石化
21373,河南省,濮阳市,南乐县,国家,中石化
21374,河北省,邯郸市,馆陶县,国家,中石化
21375,天津市,天津市,滨海新区,国家,中石化
21377,山东省,聊城市,东昌府区,国家,中石化
21378,河南省,安阳市,安阳县,国家,中石化
21379,陕西省,榆林市,佳县,国家,中石化
21380,山西省,晋中市,平遥县,国家,中石化
21381,福建省,厦门市,集美区,国家,中石油
21382,福建省,厦门市,同安区,国家,中石油
21383,福建省,莆田市,仙游县,国家,中石油
21384,福建省,福州市,福清市,国家,中石油
21385,江苏省,苏州市,吴江区,国家,中石油
21386,广东省,清远市,清城区,国家,中石油
21387,浙江省,杭州市,钱塘区,国家,中石油
21389,湖南省,娄底市,涟源市,国家,""
21390,湖南省,湘潭市,湘乡市,国家,""
21391,湖南省,湘潭市,雨湖区,国家,""
21392,江西省,上饶市,广信区,国家,中石油
21393,重庆市,重庆市,南川区,国家,""
21394,广东省,湛江市,廉江市,国家,中石化
21396,湖北省,襄阳市,襄州区,国家,""
21397,新疆维吾尔自治区,哈密市,伊州区,国家,中石油
21398,湖南省,娄底市,娄星区,国家,""
21399,湖南省,长沙市,长沙县,国家,""
21400,湖南省,长沙市,望城区,国家,""
21401,甘肃省,武威市,凉州区,国家,中石油
21402,新疆维吾尔自治区,吐鲁番市,鄯善县,国家,中石油
21403,新疆维吾尔自治区,塔城地区,乌苏市,国家,中石油
21404,新疆维吾尔自治区,昌吉回族自治州,昌吉市,国家,中石油
21406,新疆维吾尔自治区,伊犁哈萨克自治州,霍尔果斯市,国家,中石油
21407,福建省,福州市,闽侯区,国家,中石油
21408,新疆维吾尔自治区,巴音郭楞蒙古自治州,库尔勒市,国家,中石油
21409,新疆维吾尔自治区,巴音郭楞蒙古自治州,轮台县,国家,中石油
21410,新疆维吾尔自治区,哈密市,伊州区,国家,中石油
21411,湖南省,岳阳市,云溪区,国家,""
21412,上海市,上海市,金山区,国家,中石油
21413,广西壮族自治区,来宾市,兴宾区,国家,""
21414,甘肃省,金昌市,永昌县,国家,中石油
21415,新疆维吾尔自治区,哈密市,伊州区,国家,中石油
21416,甘肃省,酒泉市,敦煌市,国家,中石油
21417,江西省,鹰潭市,余江区,国家,中石油
21418,山西省,长治市,黎城县,国家,中石化
21419,山西省,吕梁市,汾阳市,国家,中石化
21420,山西省,长治市,武乡县,国家,中石化
21421,福建省,漳州市,龙文区,国家,中石油
21422,广东省,广州市,从化区,国家,中石油
21423,新疆维吾尔自治区,吐鲁番市,托克逊县,国家,中石油
21424,浙江省,金华市,兰溪市,国家,中石油
21425,江西省,赣州市,于都县,国家,中石油
21426,江西省,新余市,渝水区,国家,中石油
21427,浙江省,衢州市,柯城区,国家,中石油
21428,山西省,吕梁市,方山县,国家,中石化
21429,新疆维吾尔自治区,巴音郭楞蒙古自治州,和硕县,国家,中石油
21430,江西省,上饶市,广信区,国家,中石油
21431,浙江省,绍兴市,诸暨市,国家,中石油
21432,甘肃省,张掖市,山丹县,国家,中石油
21433,江西省,赣州市,瑞金市,国家,中石油
21434,福建省,泉州市,南安市,国家,中石油
21435,福建省,龙岩市,新罗区,国家,中石油
21436,广东省,肇庆市,四会市,国家,中石油
21437,浙江省,嘉兴市,秀洲区,国家,中石油
21438,江苏省,苏州市,昆山市,国家,中石油
21439,江西省,宜春市,樟树市,国家,中石油
21440,江西省,鹰潭市,贵溪市,国家,中石油
21441,湖北省,咸宁市,赤壁市,省,湖北省天然气发展有限公司
21442,湖北省,孝感市,应城市,省,湖北省天然气发展有限公司
21443,湖北省,天门市,天门市,省,湖北省天然气发展有限公司
21444,湖北省,孝感市,孝昌县,省,孝昌新洁天然气有限公司
21445,湖北省,孝感市,孝昌县,国家,""
21446,湖北省,孝感市,云梦县,省,湖北省天然气发展有限公司
21447,湖北省,黄石市,大冶市,国家,""
21448,湖北省,咸宁市,嘉鱼县,省,湖北省天然气发展有限公司
21449,湖南省,岳阳市,岳阳县,国家,""
21450,湖南省,长沙市,长沙县,国家,""
21451,湖北省,荆门市,京山市,省,湖北省天然气发展有限公司
21452,湖北省,襄阳市,樊城区,国家,""
21453,湖北省,宜昌市,枝江市,国家,""
21454,湖北省,宜昌市,猇亭区,国家,""
21455,湖北省,宜昌市,猇亭区,国家,""
21456,湖北省,黄冈市,黄州区,国家,""
21457,湖北省,黄石市,大冶市,国家,""
21458,湖北省,黄冈市,武穴市,国家,""
21459,湖北省,黄冈市,黄梅县,国家,""
21460,湖北省,襄阳市,枣阳市,国家,""
21461,湖北省,荆州市,石首市,省,湖北省天然气发展有限公司
21462,湖北省,宜昌市,夷陵区,省,宜昌中基天然气利用有限公司
21463,湖北省,武汉市,江夏区,省,湖北省天然气发展有限公司
21464,湖北省,武汉市,江夏区,国家,""
21465,湖北省,咸宁市,崇阳县,省,湖北省天然气发展有限公司
21466,湖北省,咸宁市,通山县,省,湖北省天然气发展有限公司
21467,湖北省,荆州市,公安县,省,湖北省天然气发展有限公司
21468,湖北省,荆州市,江陵县,省,湖北省天然气发展有限公司
21469,湖北省,潜江市,潜江市,省,湖北省天然气发展有限公司
21470,湖北省,武汉市,武昌区,省,武汉市天然气有限公司
21471,湖北省,随州市,广水市,省,湖北省天然气发展有限公司
21472,湖北省,荆门市,京山市,国家,""
21473,湖北省,宜昌市,猇亭区,国家,""
21476,湖北省,黄冈市,武穴市,国家,""
21478,湖北省,恩施土家族苗族自治州,利川市,国家,""
21479,湖北省,恩施土家族苗族自治州,恩施市,国家,""
21480,湖北省,恩施土家族苗族自治州,巴东县,国家,""
21481,湖北省,襄阳市,襄城区,国家,中石油
21482,四川省,泸州市,泸县,国家,""
21483,四川省,内江市,东兴区,国家,""
21484,四川省,内江市,威远县,国家,""
21485,山东省,烟台市,莱阳市,国家,""
21489,广西壮族自治区,河池市,金城江区,国家,""
21490,广西壮族自治区,防城港市,港口区,国家,""
21491,广西壮族自治区,钦州市,钦南区,国家,""
21492,广西壮族自治区,来宾市,兴宾区,国家,中石化
21493,贵州省,安顺市,普定县,国家,""
21495,云南省,楚雄彝族自治州,禄丰市,国家,""
21496,广西壮族自治区,河池市,环江毛南族自治县,国家,""
21497,云南省,曲靖市,马龙区,国家,""
21498,宁夏回族自治区,固原市,西吉县,国家,""
21499,广西壮族自治区,南宁市,邕宁区,国家,中石化
21500,贵州省,黔南布依族苗族自治州,都匀市,国家,""
21501,重庆市,重庆市,铜梁区,国家,""
21502,陕西省,榆林市,榆阳区,国家,中石化
21503,广西壮族自治区,来宾市,忻城县,国家,""
21504,广西壮族自治区,钦州市,钦北区,国家,中石化
21505,湖北省,荆州市,监利市,国家,""
21506,湖北省,黄石市,下陆区,国家,""
21507,湖北省,恩施土家族苗族自治州,恩施市,国家,""
21508,湖北省,武汉市,江夏区,国家,""
21511,湖北省,荆门市,掇刀区,国家,中石油
21512,湖北省,武汉市,蔡甸区,国家,""
21513,甘肃省,天水市,秦州区,国家,""
21514,甘肃省,陇南市,武都区,国家,""
21515,广西壮族自治区,贺州市,平桂区,国家,""
21516,湖北省,宜昌市,长阳土家族自治县,国家,""
21517,甘肃省,临夏回族自治州,永靖县,国家,中石油
21518,青海省,海西蒙古族藏族自治州,乌兰县,国家,中石油
21519,河北省,沧州市,黄骅市,国家,中石化
21520,广西壮族自治区,梧州市,万秀区,国家,""
21521,湖北省,宜昌市,长阳土家族自治县,国家,""
21522,江苏省,南通市,海门区,国家,""
21523,上海市,上海市,崇明区,国家,""
21524,山东省,潍坊市,临朐县,国家,""
21526,湖北省,宜昌市,枝江市,国家,""
21528,湖北省,宜昌市,猇亭区,国家,""
21529,湖北省,潜江市,潜江市,国家,""
21531,湖北省,荆州市,荆州区,国家,""
21532,湖北省,潜江市,潜江市,国家,""
21533,湖北省,恩施土家族苗族自治州,恩施市,国家,""
21535,湖北省,仙桃市,仙桃市,国家,""
21536,湖北省,荆州市,沙市区,国家,""
21537,山东省,威海市,环翠区,国家,中石油
21538,河南省,信阳市,潢川县,国家,中石油
21540,湖南省,岳阳市,岳阳楼区,国家,""
21541,江苏省,宿迁市,宿城区,国家,中石油
21543,江苏省,扬州市,宝应县,国家,中石油
21544,江苏省,扬州市,广陵区,国家,中石油
21545,山东省,烟台市,海阳市,国家,中石油
21546,山东省,潍坊市,坊子区,国家,中石油
21547,山东省,烟台市,莱山区,国家,中石油
21548,江苏省,南通市,如东县,国家,中石油
21549,青海省,海西蒙古族藏族自治州,乌兰县,国家,中石油
21550,湖北省,鄂州市,鄂城区,国家,
21551,山东省,潍坊市,高密市,国家,中石油
21552,山东省,烟台市,莱阳市,国家,中石油
21553,山东省,济南市,莱芜区,国家,中石油
21554,河北省,石家庄市,新乐市,国家,中石化
21556,山东省,济南市,历城区,国家,中石化
21559,江苏省,宿迁市,泗阳县,国家,中石油
21561,山东省,济南市,长清区,国家,中石油
21562,山东省,济宁市,兖州区,国家,中石油
21563,河北省,衡水市,桃城区,国家,中石油
21564,山东省,淄博市,博山区,国家,中石油
21565,山东省,枣庄市,市中区,国家,中石油
21568,河北省,沧州市,献县,国家,中石化
21569,青海省,海西蒙古族藏族自治州,格尔木市,国家,中石油
21570,青海省,海东市,乐都区,国家,中石油
21571,青海省,海南藏族自治州,共和县,国家,中石油
21572,江苏省,徐州市,鼓楼区,国家,中石油
21573,河北省,石家庄市,灵寿县,国家,中石化
21574,青海省,海西蒙古族藏族自治州,大柴旦行政委员会,国家,中石油
21575,宁夏回族自治区,银川市,西夏区,国家,中石油
21576,青海省,海西蒙古族藏族自治州,德令哈市,国家,中石油
21577,重庆市,重庆市,江津区,国家,""
21578,四川省,南充市,南部县,国家,""
21579,重庆市,重庆市,忠县,国家,""
21580,天津市,天津市,静海区,国家,中石化
21581,湖南省,岳阳市,汨罗市,国家,""
21582,贵州省,安顺市,平坝区,国家,""
21583,四川省,南充市,嘉陵区,国家,""
21584,重庆市,重庆市,合川区,国家,""
21585,山东省,枣庄市,山亭区,国家,中石油
21586,山东省,青岛市,黄岛区,国家,中石化
21588,山东省,德州市,临邑县,国家,中石化
21589,江苏省,扬州市,江都区,国家,中石油
21590,江苏省,淮安市,清江浦区,国家,中石油
21591,江苏省,泰州市,靖江市,国家,中石油
21592,江苏省,无锡市,江阴市,国家,中石油
21593,山东省,济宁市,任城区,国家,中石油
21594,山东省,德州市,德城区,国家,中石油
21595,山东省,德州市,武城县,国家,中石油
21596,山东省,德州市,德城区,国家,中石油
21597,江苏省,连云港市,海州区,国家,中石油
21598,河南省,周口市,淮阳区,国家,中石油
21599,山东省,临沂市,河东区,国家,中石油
21600,甘肃省,陇南市,康县,国家,""
21601,安徽省,宣城市,郎溪县,国家,中石化
21602,江西省,吉安市,吉州区,国家,中石油
21603,广东省,韶关市,始兴县,国家,中石油
21604,重庆市,重庆市,渝北区,国家,""
21605,江西省,南昌市,红谷滩区,国家,中石油
21606,江西省,九江市,濂溪区,国家,中石化
21607,上海市,上海市,青浦区,国家,中石化
21608,山西省,大同市,灵丘县,国家,中石油
21609,山东省,济宁市,嘉祥县,国家,中石油
21610,天津市,天津市,静海区,国家,中石油
21611,江西省,九江市,永修县,国家,中石油
21612,新疆维吾尔自治区,乌鲁木齐市,乌鲁木齐县,国家,中石油
21613,广东省,河源市,源城区,国家,中石油
21614,内蒙古自治区,鄂尔多斯市,伊金霍洛旗,国家,中石油
21615,河北省,秦皇岛市,抚宁区,国家,中石油
21616,江苏省,南京市,栖霞区,国家,中石油
21617,河南省,平顶山市,鲁山县,国家,中石油
21618,宁夏回族自治区,银川市,西夏区,国家,中石油
21619,甘肃省,平凉市,灵台县,国家,中石油
21620,湖北省,孝感市,孝昌县,省,湖北省天然气发展有限公司
21621,湖北省,随州市,曾都区,国家,""
21622,湖北省,武汉市,黄陂区,国家,""
21624,四川省,达州市,宣汉县,国家,""
21626,湖北省,武汉市,青山区,国家,""
21627,湖北省,武汉市,洪山区,国家,""
21628,北京市,北京市,通州区,国家,中石油
21630,北京市,北京市,门头沟区,国家,中石油
21631,四川省,达州市,渠县,国家,""
21633,河南省,开封市,兰考县,国家,中石油
21634,河北省,秦皇岛市,海港区,国家,中石油
21635,河北省,廊坊市,霸州市,国家,中石油
21636,湖北省,武汉市,江夏区,省,武汉市天然气有限公司
21637,湖北省,荆州市,沙市区,省,湖北省天然气发展有限公司
21638,湖北省,仙桃市,仙桃市,国家,""
21639,湖北省,荆州市,荆州区,国家,""
21640,湖北省,武汉市,江夏区,国家,""
21641,湖北省,仙桃市,仙桃市,国家,""
21642,湖北省,恩施土家族苗族自治州,利川市,国家,""
21643,湖北省,潜江市,潜江市,国家,""
21644,湖北省,黄冈市,黄梅县,国家,""
21645,湖北省,武汉市,江夏区,国家,""
21646,湖北省,武汉市,江夏区,省,湖北省天然气发展有限公司
21647,湖北省,恩施土家族苗族自治州,利川市,国家,""
21648,湖北省,恩施土家族苗族自治州,恩施市,国家,""
21649,湖北省,黄石市,大冶市,国家,""
21650,湖北省,黄冈市,武穴市,国家,""
21651,湖北省,黄冈市,武穴市,国家,""
21652,河北省,石家庄市,鹿泉区,国家,中石油
21653,河南省,南阳市,方城县,国家,中石油
21654,山西省,吕梁市,兴县,国家,中石油
21655,江苏省,常州市,武进区,国家,中石油
21656,山西省,阳泉市,盂县,国家,中石油
21657,山东省,济宁市,汶上县,国家,中石油
21658,山西省,朔州市,朔城区,国家,中石油
21659,河北省,石家庄市,正定县,国家,中石油
21662,江苏省,泰州市,高港区,国家,中石油
21663,河南省,南阳市,唐河县,国家,中石油
21664,北京市,北京市,延庆区,国家,中石油
21665,陕西省,咸阳市,礼泉县,国家,中石油
21667,天津市,天津市,滨海新区,国家,中石油
21668,新疆维吾尔自治区,伊犁哈萨克自治州,伊宁县,国家,中石油
21669,河南省,洛阳市,洛龙区,国家,中石油
21670,河南省,洛阳市,汝阳县,国家,中石油
21671,北京市,北京市,通州区,国家,中石油
21672,北京市,北京市,房山区,国家,中石油
21673,江西省,九江市,柴桑区,国家,中石油
21675,北京市,北京市,大兴区,国家,中石油
21676,安徽省,池州市,贵池区,国家,中石化
21677,安徽省,宣城市,宣州区,国家,中石化
21678,浙江省,湖州市,吴兴区,国家,中石化
21679,北京市,北京市,房山区,国家,中石油
21680,安徽省,安庆市,怀宁县,国家,中石化
21681,新疆维吾尔自治区,乌鲁木齐市,乌鲁木齐县,国家,中石油
21682,山东省,泰安市,肥城市,国家,中石油
21683,浙江省,嘉兴市,秀洲区,国家,中石化
21684,宁夏回族自治区,吴忠市,盐池县,国家,中石油
21685,甘肃省,庆阳市,镇原县,国家,中石油
21687,河南省,三门峡市,陕州区,国家,中石油
21688,内蒙古自治区,乌兰察布市,察哈尔右翼前旗,国家,中石油
21689,河北省,张家口市,桥东区,国家,中石油
21690,陕西省,榆林市,靖边县,国家,中石油
21691,宁夏回族自治区,银川市,灵武市,国家,中石油
21692,宁夏回族自治区,中卫市,海原县,国家,中石油
21693,安徽省,马鞍山市,雨山区,国家,中石油
21694,江苏省,南通市,如东县,国家,中石油
21695,内蒙古自治区,呼和浩特市,和林格尔县,国家,中石油
21696,山西省,朔州市,应县,国家,中石油
21697,山西省,太原市,阳曲县,国家,中石油
21698,河北省,石家庄市,正定县,国家,中石油
21699,河南省,开封市,禹王台区,国家,中石油
21701,江苏省,南通市,如皋市,国家,中石油
21702,河南省,郑州市,中牟县,国家,中石油
21703,山西省,吕梁市,兴县,国家,中石油
21704,北京市,北京市,昌平区,国家,中石油
21705,山东省,菏泽市,定陶区,国家,中石油
21706,陕西省,榆林市,神木市,国家,中石油
21707,陕西省,榆林市,府谷县,国家,中石油
21708,广东省,揭阳市,揭东区,国家,中石油
21709,宁夏回族自治区,固原市,原州区,国家,中石油
21710,河北省,保定市,易县,国家,中石油
21712,山西省,吕梁市,岚县,国家,中石油
21713,陕西省,榆林市,定边县,国家,中石油
21715,河北省,唐山市,迁安市,国家,中石油
21716,北京市,北京市,密云区,国家,中石油
21717,天津市,天津市,滨海新区,国家,中石油
21718,江苏省,常州市,溧阳市,国家,中石油
21719,江苏省,苏州市,吴中区,国家,中石油
21720,江苏省,南京市,江宁区,国家,中石油
21745,北京市,北京市,房山区,国家,中石油
21773,河北省,保定市,蠡县,国家,中石油
21869,安徽省,阜阳市,太和县,国家,""
21944,湖北省,咸宁市,嘉鱼县,省,湖北省天然气发展有限公司
22023,辽宁省,沈阳市,苏家屯区,国家,中石油
22045,辽宁省,葫芦岛市,绥中县,国家,中石油
22054,辽宁省,锦州市,凌海市,国家,中石油
22064,辽宁省,大连市,瓦房店市,国家,中石油
22076,辽宁省,鞍山市,海城市,国家,中石油
22248,贵州省,贵阳市,修文县,国家,""
22313,广西壮族自治区,梧州市,藤县,国家,""
22335,广西壮族自治区,百色市,田东县,国家,""
22337,广西壮族自治区,南宁市,隆安县,国家,""
22351,辽宁省,锦州市,北镇市,国家,中石油
22385,湖北省,恩施土家族苗族自治州,来凤县,省,来凤安瑞能源有限公司
22386,湖北省,恩施土家族苗族自治州,咸丰县,省,咸丰民生天然气有限公司
22387,湖北省,恩施土家族苗族自治州,利川市,省,利川市民生天然气有限公司
22389,湖北省,恩施土家族苗族自治州,咸丰县,省,咸丰民生天然气有限公司
22390,湖北省,恩施土家族苗族自治州,咸丰县,省,咸丰民生天然气有限公司
22391,湖北省,恩施土家族苗族自治州,宣恩县,省,宣恩县民生天然气有限公司
22394,湖北省,黄冈市,红安县,省,湖北省天然气发展有限公司
22396,湖北省,恩施土家族苗族自治州,利川市,省,利川市民生天然气有限公司
22432,重庆市,重庆市,忠县,国家,""
22495,甘肃省,临夏回族自治州,永靖县,国家,中石油
22572,甘肃省,白银市,景泰县,国家,中石油
22605,广西壮族自治区,贵港市,覃塘区,国家,""
22607,广西壮族自治区,贵港市,平南县,国家,""
22615,广西壮族自治区,防城港市,港口区,国家,""
22648,广西壮族自治区,柳州市,柳城县,国家,""
22654,广西壮族自治区,梧州市,苍梧县,国家,""
22658,江西省,南昌市,南昌县,国家,中石油
22663,江西省,南昌市,进贤县,国家,中石油
22678,甘肃省,甘南藏族自治州,夏河县,国家,中石油
22700,湖北省,仙桃市,仙桃市,国家,""
22715,湖北省,恩施土家族苗族自治州,巴东县,国家,""
22741,福建省,龙岩市,连城县,国家,中石油
22755,陕西省,榆林市,榆阳区,国家,中石化
22785,山西省,吕梁市,临县,国家,中石化
22821,河南省,南阳市,唐河县,国家,""
22828,宁夏回族自治区,银川市,灵武市,国家,""
22829,湖北省,宜昌市,宜都市,省,五峰和瑞天然气有限公司
22830,湖北省,宜昌市,宜都市,省,五峰和瑞天然气有限公司
22831,湖北省,宜昌市,夷陵区,省,宜昌中基天然气利用有限公司
22832,湖北省,恩施土家族苗族自治州,利川市,省,利川市民生天然气有限公司
22833,湖北省,荆州市,公安县,省,湖北省天然气发展有限公司
22834,湖北省,宜昌市,宜都市,省,中农惠沣驿站能源（松滋）有限公司
22835,湖北省,宜昌市,宜都市,省,中农惠沣驿站能源（松滋）有限公司
22836,湖北省,宜昌市,宜都市,省,五峰和瑞天然气有限公司
22837,湖北省,孝感市,孝南区,省,湖北省天然气发展有限公司
22838,湖北省,武汉市,东西湖区,省,武汉市天然气有限公司
22840,湖北省,咸宁市,崇阳县,省,湖北省天然气发展有限公司
22844,湖北省,仙桃市,仙桃市,省,湖北省天然气发展有限公司
22852,甘肃省,白银市,白银区,国家,中石油
22871,内蒙古自治区,阿拉善盟,阿拉善左旗,国家,中石油
23069,江西省,吉安市,泰和县,国家,中石油
23087,江苏省,常州市,溧阳市,国家,中石化
23118,湖北省,荆州市,荆州区,国家,""
23119,湖北省,宜昌市,长阳土家族自治县,国家,""
23122,湖北省,黄石市,大冶市,国家,""
23123,湖北省,恩施土家族苗族自治州,利川市,国家,""
23124,湖北省,武汉市,汉南区,国家,""
23169,河南省,许昌市,禹州市,国家,中石油
23204,湖北省,宜昌市,伍家岗区,,宜昌中燃城市燃气发展有限公司
23210,湖北省,武汉市,新洲区,,""
23211,湖北省,宜昌市,猇亭区,,宜昌中燃城市燃气发展有限公司
23216,湖北省,襄阳市,老河口市,,老河口中燃城市燃气发展有限公司
23231,湖北省,黄冈市,武穴市,,黄冈中燃天然气有限公司
23233,湖北省,十堰市,郧阳区,,十堰市郧阳中燃城市燃气发展有限公司
23234,湖北省,十堰市,郧阳区,,十堰市郧阳中燃城市燃气发展有限公司
23235,湖北省,黄冈市,黄州区,,""
23236,湖北省,黄冈市,罗田县,,黄冈中燃天然气有限公司
23237,湖北省,黄冈市,罗田县,,""
23238,湖北省,黄冈市,英山县,,黄冈中燃天然气有限公司
23239,湖北省,黄冈市,浠水县,,""
23240,湖北省,黄冈市,武穴市,,武穴中燃城市燃气发展有限公司
23241,湖北省,黄冈市,武穴市,,""
23242,湖北省,黄冈市,浠水县,,黄冈中燃天然气有限公司
23243,湖北省,黄冈市,武穴市,,黄冈中燃天然气有限公司
23244,湖北省,黄冈市,罗田县,,""
23245,湖北省,黄冈市,罗田县,,""
23246,湖北省,黄冈市,英山县,,""
23247,湖北省,黄冈市,团风县,,团风中燃城市燃气发展有限公司
23249,湖北省,十堰市,张湾区,,十堰中燃城市燃气发展有限公司
23252,湖北省,天门市,天门市,,""
23253,湖北省,十堰市,张湾区,,""
23255,湖北省,黄冈市,武穴市,,黄冈中燃天然气有限公司
23256,湖北省,黄冈市,黄梅县,,""
23257,湖北省,黄冈市,黄梅县,,黄冈中燃天然气有限公司
23258,湖北省,黄冈市,浠水县,,黄冈中燃天然气有限公司
23259,湖北省,天门市,天门市,,天门中燃城市燃气发展有限公司
23260,湖北省,黄冈市,黄梅县,,黄冈中燃天然气有限公司
23261,湖北省,黄冈市,武穴市,,""
23262,湖北省,黄冈市,武穴市,,黄冈中燃天然气有限公司
23263,湖北省,黄冈市,黄梅县,,""
23264,湖北省,黄冈市,浠水县,,""
23265,湖北省,黄冈市,浠水县,,""
23266,湖北省,黄冈市,蕲春县,,""
23267,湖北省,黄冈市,蕲春县,,黄冈中燃天然气有限公司
23268,湖北省,宜昌市,点军区,,宜昌中燃城市燃气发展有限公司
23269,湖北省,黄冈市,黄州区,,""
23271,湖北省,黄冈市,黄州区,,""
23272,湖北省,武汉市,新洲区,,武汉江北中燃城市燃气发展有限公司
23273,湖北省,荆州市,洪湖市,,洪湖中燃城市燃气发展有限公司
23353,湖北省,十堰市,丹江口市,,丹江口中燃城市燃气发展有限公司
23363,湖北省,黄冈市,黄梅县,,龙感湖中燃城市燃气发展有限公司
23404,湖北省,黄冈市,武穴市,,黄冈中燃天然气有限公司
23405,湖北省,荆州市,松滋市,,松滋中燃城市燃气发展有限公司
23407,湖北省,武汉市,江夏区,,武钢江南中燃燃气（武汉）有限公司
23409,湖北省,宜昌市,猇亭区,,宜昌中燃城市燃气发展有限公司
23411,湖北省,孝感市,云梦县,,孝感中燃天然气有限公司
23412,湖北省,孝感市,孝昌县,,孝感中燃天然气有限公司
23414,湖北省,随州市,曾都区,,""
23418,湖北省,黄冈市,团风县,,黄冈中燃天然气有限公司
23435,湖北省,宜昌市,当阳市,,当阳中燃城市燃气发展有限公司
23438,湖北省,孝感市,云梦县,,云梦中燃城市燃气发展有限公司
23439,湖北省,宜昌市,当阳市,,""
23440,湖北省,宜昌市,当阳市,,""
23441,湖北省,宜昌市,当阳市,,""
23443,湖北省,宜昌市,当阳市,,当阳中燃城市燃气发展有限公司
23444,湖北省,襄阳市,老河口市,,老河口中燃城市燃气发展有限公司
23445,湖北省,宜昌市,当阳市,,""
23446,湖北省,宜昌市,当阳市,,""
23452,湖北省,黄冈市,黄梅县,,黄冈中燃天然气有限公司
23460,湖北省,黄冈市,黄梅县,,黄冈中燃天然气有限公司
23461,湖北省,黄冈市,黄州区,,黄冈中燃天然气有限公司
27435,宁夏回族自治区,吴忠市,盐池县,国家,中石油
27456,陕西省,榆林市,靖边县,国家,中石油
27490,天津市,天津市,武清区,,中石油
27521,广西壮族自治区,北海市,铁山港区,,
27595,广东省,深圳市,龙岗区,,
27598,天津市,天津市,滨海新区,,
27599,山东省,青岛市,黄岛区,,
27629,河北省,唐山市,曹妃甸区,,
28920,湖北省,荆州市,监利市,国家,中石油
28921,陕西省,商洛市,洛南县,,中石油
28922,陕西省,商洛市,商南县,,中石油
28923,河南省,南阳市,邓州市,,中石油
28924,陕西省,咸阳市,乾县,,中石油
28925,河南省,南阳市,西峡县,,中石油
28926,江西省,吉安市,安福县,,中石油
28977,河北省,承德市,滦平县,,中石油
28979,广西壮族自治区,钦州市,钦南区,,中石油
28980,广西壮族自治区,北海市,海城区,,中石油
28983,贵州省,黔南布依族苗族自治州,三都水族自治县,,中石油
28984,吉林省,吉林市,船营区,,中石油
28985,吉林省,吉林市,蛟河市,,中石油
29223,湖北省,黄冈市,黄州区,国家,中国石油天然气股份有限公司天然气销售湖北分公司
29233,江西省,南昌市,南昌县,国家,
29260,甘肃省,酒泉市,敦煌市,国家,中石油
29261,青海省,海西蒙古族藏族自治州,格尔木市,国家,中石油
29265,河北省,沧州市,黄骅市,国家,中石油
29266,天津市,天津市,滨海新区,国家,中石油
29270,河北省,沧州市,运河区,国家,中石油
29273,天津市,天津市,西青区,国家,中石油
29275,内蒙古自治区,阿拉善盟,阿拉善左旗,国家,中石油
29279,河北省,沧州市,盐山县,国家,中石油
29282,山东省,滨州市,无棣县,国家,中石油
29283,山东省,德州市,庆云县,国家,中石油
29284,山东省,德州市,庆云县,国家,中石油
29285,山东省,滨州市,阳信县,国家,中石油
29286,山东省,滨州市,阳信县,国家,中石油
29287,山东省,滨州市,惠民县,国家,中石油
29289,山东省,滨州市,惠民县,国家,中石油
29290,山东省,滨州市,滨城区,国家,中石油
29292,山东省,淄博市,高青县,国家,中石油
29294,山东省,济南市,商河县,国家,中石油
29296,山东省,滨州市,邹平市,国家,中石油
29298,山东省,滨州市,邹平市,国家,中石油
29299,山东省,淄博市,周村区,国家,中石油
29691,山东省,聊城市,阳谷县,国家,中石油
29695,山东省,聊城市,东昌府区,国家,中石油
29696,山东省,聊城市,东昌府区,国家,中石油
29698,山东省,聊城市,高唐县,国家,中石油
29699,山东省,聊城市,高唐县,国家,中石油
29703,河北省,衡水市,阜城县,国家,中石油
29704,河北省,沧州市,东光县,国家,中石油
29717,辽宁省,葫芦岛市,连山区,国家,中石油
29720,辽宁省,盘锦市,盘山县,国家,中石油
29722,辽宁省,沈阳市,于洪区,国家,中石油
29725,辽宁省,盘锦市,大洼区,国家,中石油
29730,辽宁省,抚顺市,望花区,国家,中石油
29731,辽宁省,抚顺市,望花区,国家,中石油
29732,辽宁省,抚顺市,东洲区,国家,中石油
29738,山东省,济南市,钢城区,国家,中石油
29739,山东省,淄博市,博山区,国家,中石油
29742,山东省,淄博市,张店区,国家,中石油
29744,山东省,淄博市,张店区,国家,中石油
29745,山东省,淄博市,张店区,国家,中石油
29746,山东省,东营市,东营区,国家,中石油
29747,山东省,潍坊市,青州市,国家,中石油
29748,山东省,潍坊市,寿光市,国家,中石油
29749,山东省,东营市,东营区,国家,中石油
29754,山东省,潍坊市,寿光市,国家,中石油
29756,山东省,潍坊市,寿光市,国家,中石油
29762,山东省,潍坊市,昌邑市,国家,中石油
29763,山东省,潍坊市,昌邑市,国家,中石油
29764,山东省,日照市,东港区,国家,中石油
29765,山东省,青岛市,胶州市,国家,中石油
29766,山东省,青岛市,黄岛区,国家,中石油
29786,黑龙江省,大庆市,红岗区,国家,中石油
29787,黑龙江省,齐齐哈尔市,昂昂溪区,国家,中石油
29789,黑龙江省,大庆市,肇州县,国家,中石油
29790,黑龙江省,哈尔滨市,平房区,国家,中石油
29798,北京市,北京市,通州区,国家,中石油
29799,北京市,北京市,通州区,国家,中石油
29812,江苏省,常州市,溧阳市,国家,
29813,广东省,梅州市,梅江区,国家,中石油
29815,广东省,汕头市,潮南区,国家,中石油
29817,福建省,福州市,平潭县,国家,中石油
29818,北京市,北京市,顺义区,国家,中石油
29822,安徽省,宣城市,宣州区,国家,中石化
29823,安徽省,池州市,贵池区,国家,中石化
29824,湖北省,襄阳市,樊城区,国家,中石油
29828,湖北省,鄂州市,鄂城区,省,鄂州市安泰天然气有限责任公司
29834,重庆市,重庆市,黔江区,省,重庆黔江民生燃气（集团）有限公司
29836,河北省,承德市,围场满族蒙古族自治县,"",
29843,河北省,承德市,滦平县,,
29844,河北省,唐山市,丰润区,,
30243,天津市,天津市,滨海新区,,
30244,河北省,沧州市,黄骅市,,
30247,河北省,保定市,定兴县,,
30252,河北省,廊坊市,霸州市,,
30257,天津市,天津市,静海区,,
30647,天津市,天津市,滨海新区,,
31047,河北省,保定市,清苑区,,
31049,河北省,保定市,博野县,,
31050,河北省,邯郸市,邯山区,,
31063,山西省,吕梁市,兴县,,
31064,山西省,忻州市,原平市,,
31066,陕西省,榆林市,神木市,,
31067,北京市,北京市,大兴区,,
31068,河北省,廊坊市,安次区,,
31069,山西省,长治市,黎城县,,
31072,河北省,邯郸市,涉县,,
31077,河北省,邯郸市,武安市,,
31079,河北省,邯郸市,永年区,,
31080,河北省,邯郸市,永年区,,
31081,河北省,邯郸市,复兴区,,
31082,河北省,邯郸市,丛台区,,
31083,河北省,邯郸市,磁县,,
31084,河北省,邯郸市,丛台区,,
31085,河北省,邯郸市,永年区,,
31087,河北省,邢台市,襄都区,,
31089,河北省,邢台市,襄都区,,
31092,河北省,邢台市,隆尧县,,
31094,河北省,石家庄市,赵县,,
31099,河北省,石家庄市,藁城区,,
31100,河北省,石家庄市,藁城区,,
31101,河北省,保定市,定州市,,
31105,河北省,保定市,竞秀区,,
31106,河北省,保定市,徐水区,,
31109,河北省,保定市,涿州市,,
31114,河北省,邯郸市,永年区,,
31117,河北省,邯郸市,馆陶县,,
31118,河北省,邯郸市,肥乡区,,
31119,河北省,邯郸市,成安县,,
31120,河北省,邯郸市,永年区,,
31127,河北省,邢台市,威县,,
31136,河北省,衡水市,故城县,,
31137,河北省,邢台市,襄都区,,
31138,河北省,邢台市,南和区,,
31139,河北省,邢台市,平乡县,,
31140,河北省,邢台市,巨鹿县,,
31141,河北省,衡水市,冀州区,,
31143,河北省,石家庄市,赞皇县,,
31148,河北省,邢台市,新河县,,
31151,河北省,邢台市,清河县,,
31154,河北省,石家庄市,藁城区,,
31155,河北省,沧州市,河间市,,
31156,河北省,石家庄市,深泽县,,
31157,河北省,衡水市,深州市,,
31158,河北省,石家庄市,辛集市,,
31159,河北省,衡水市,桃城区,,
31160,河北省,衡水市,饶阳县,,
31164,河北省,衡水市,安平县,,
31165,河北省,沧州市,肃宁县,,
31167,河北省,沧州市,献县,,
31168,河北省,沧州市,河间市,,
31169,河北省,沧州市,河间市,,
31170,河北省,沧州市,肃宁县,,
31175,河北省,沧州市,黄骅市,,
31176,河北省,沧州市,黄骅市,,
31180,河北省,沧州市,黄骅市,,
31181,河北省,沧州市,黄骅市,,
31182,河北省,衡水市,景县,,
31183,河北省,衡水市,阜城县,,
31187,河北省,沧州市,青县,,
31192,河北省,保定市,莲池区,,
31197,河北省,保定市,雄县,,
31198,河北省,保定市,雄县,,
31199,河北省,保定市,雄县,,
31201,河北省,保定市,涞水县,,
31202,河北省,保定市,涞水县,,
31203,河北省,保定市,定兴县,,
31204,河北省,保定市,徐水区,,
31208,河北省,保定市,清苑区,,
31212,河北省,保定市,涿州市,,
31213,河北省,保定市,高碑店市,,
31214,河北省,保定市,高碑店市,,
31215,河北省,保定市,定兴县,,
31216,河北省,保定市,雄县,,
31217,河北省,唐山市,曹妃甸区,,
31221,河北省,唐山市,曹妃甸区,,
31228,天津市,天津市,宝坻区,,
31247,河北省,衡水市,景县,,
31252,河北省,邢台市,清河县,,
31254,河北省,邯郸市,馆陶县,,
31256,河北省,廊坊市,广阳区,,
31259,河北省,廊坊市,永清县,,
31262,河北省,秦皇岛市,海港区,,
31265,河北省,秦皇岛市,抚宁区,,
31267,河北省,秦皇岛市,昌黎县,,
31270,河北省,唐山市,乐亭县,,
31274,河北省,唐山市,曹妃甸区,,
31277,河北省,张家口市,阳原县,,
31280,河北省,张家口市,阳原县,,
31281,河北省,张家口市,宣化区,,
31282,河北省,张家口市,桥东区,,
31288,河北省,张家口市,蔚县,,
31289,河北省,张家口市,下花园区,,
31305,河北省,承德市,滦平县,,
31306,河北省,承德市,双桥区,,
31312,河北省,承德市,宽城满族自治县,,
31317,河北省,唐山市,迁西县,,
31322,河北省,唐山市,迁安市,,
31325,河北省,承德市,平泉市,,
31326,河北省,张家口市,张北县,,
31330,河北省,张家口市,张北县,,
31333,河北省,张家口市,崇礼区,,
31336,河北省,张家口市,康保县,,
31340,河北省,张家口市,桥西区,,
31342,河北省,张家口市,怀安县,,
31675,河北省,张家口市,沽源县,,
31678,河北省,张家口市,尚义县,,
31679,河北省,张家口市,宣化区,,
31682,河北省,张家口市,涿鹿县,,
31686,河北省,张家口市,赤城县,,
31688,河北省,唐山市,乐亭县,,
31689,河北省,唐山市,路南区,,
31690,河北省,衡水市,景县,,
31693,北京市,北京市,通州区,,
31694,北京市,北京市,丰台区,,
31697,辽宁省,葫芦岛市,建昌县,,
31698,辽宁省,锦州市,太和区,,
31699,辽宁省,朝阳市,朝阳县,,
31700,辽宁省,朝阳市,建平县,,
31701,辽宁省,朝阳市,凌源市,,
31702,内蒙古自治区,赤峰市,松山区,,
31703,辽宁省,朝阳市,喀喇沁左翼蒙古族自治县,,
31704,,,,,
31705,辽宁省,朝阳市,北票市,,
31706,辽宁省,锦州市,凌河区,,
31707,辽宁省,葫芦岛市,龙港区,,
31709,辽宁省,大连市,瓦房店市,,
31710,辽宁省,大连市,瓦房店市,,
31714,辽宁省,丹东市,振兴区,,
31715,辽宁省,丹东市,宽甸满族自治县,,
31716,辽宁省,丹东市,凤城市,,
31718,辽宁省,鞍山市,海城市,,
31719,,,,,
31720,辽宁省,营口市,大石桥市,,
31721,辽宁省,鞍山市,岫岩满族自治县,,
31723,辽宁省,鞍山市,东铁区,,
31724,辽宁省,辽阳市,弓长岭区,,
31726,辽宁省,辽阳市,辽阳县,,
31728,辽宁省,辽阳市,灯塔市,,
31729,,,,,
31730,,,,,
31731,辽宁省,本溪市,明山区,,
31733,辽宁省,本溪市,桓仁满族自治区,,
31734,辽宁省,抚顺市,清原满族自治县,,
31735,辽宁省,抚顺市,新宾满族自治县,,
31736,,,,,
31737,辽宁省,沈阳市,沈北新区,,
31738,辽宁省,铁岭市,铁岭县,,
31739,辽宁省,铁岭市,银州区,,
31740,辽宁省,铁岭市,清河区,,
31742,辽宁省,铁岭市,西丰县,,
31743,辽宁省,铁岭市,图昌县,,
31744,辽宁省,沈阳市,康平县,,
31745,辽宁省,沈阳市,法库县,,
31746,辽宁省,沈阳市,法库县,,
31747,辽宁省,阜新市,彰武县,,
31748,辽宁省,阜新市,清河门区,,
31749,辽宁省,阜新市,阜新蒙古族自治区,,
31750,辽宁省,阜新市,阜新蒙古族自治区,,
31751,辽宁省,锦州市,凌海市,,
31752,辽宁省,锦州市,义县,,
31753,辽宁省,锦州市,北镇市,,
31754,辽宁省,锦州市,黑山县,,
31755,吉林省,延边朝鲜族自治区,延吉市,,
31756,吉林省,延边朝鲜族自治区,珲春市,,
31757,吉林省,吉林市,桦甸市,,
31758,吉林省,哈尔滨市,阿城区,,
31759,吉林省,哈尔滨市,双城区,,
31760,吉林省,哈尔滨市,双城区,,
31761,吉林省,哈尔滨市,道里区,,
31762,吉林省,齐齐哈尔,泰来县,,
31763,吉林省,齐齐哈尔,龙沙区,,
31764,江苏省,徐州市,丰县,,
31765,江苏省,徐州市,沛县,,
31766,江苏省,徐州市,睢宁县,,
31767,江苏省,宿迁市,泗洪县,,
31768,江苏省,宿迁市,沐阳县,,
31769,江苏省,淮安市,涟水县,,
31770,江苏省,淮安市,淮阴区,,
31771,江苏省,淮安市,淮阴区,,
32170,江苏省,淮安市,淮安区,,
32171,江苏省,连云港市,灌南区,,
32172,江苏省,扬州市,宝应县,,
32173,江苏省,盐城市,盐都区,,
32174,江苏省,盐城市,大丰市,,
32175,江苏省,盐城市,射阳县,,
32176,江苏省,盐城市,建湖县,,
32177,,,,,
32570,安徽省,滁州市,天长市,,
32571,江苏省,南京市,高淳县,,
32572,江苏省,南通市,如皋市,,
32573,浙江省,温州市,鹿城区,,
32574,浙江省,衢州市,龙游县,,
32575,浙江省,衢州市,常山县,,
32576,浙江省,衢州市,江山市,,
32577,安徽省,阜阳市,临泉县,,
32578,安徽省,阜阳市,界首市,,""
32579,安徽省,阜阳市,太和县,,""
32580,安徽省,蚌埠市,怀远县,,
32581,安徽省,蚌埠市,五河县,,
32582,安徽省,滁州市,凤阳县,,
32583,安徽省,淮南市,大通区,,
32584,安徽省,淮南市,谢家集区,,
32585,安徽省,淮南市,寿县,,
32586,安徽省,淮南市,凤台县,,
32587,安徽省,滁州市,明光市,,
32588,安徽省,芜湖市,鸠江区,,
32589,安徽省,芜湖市,鸠江区,,
32590,安徽省,马鞍山市,含山县,,
32591,安徽省,马鞍山市,和县,,
32592,安徽省,滁州市,全椒县,,
32593,福建省,南平市,武夷山市,,
32594,福建省,南平市,建阳区,,
32595,福建省,南平市,建瓯市,,
32596,福建省,南平市,延平区,,
32597,福建省,三明市,沙县区,,
32598,福建省,三明市,永安市,,
32599,福建省,三明市,连城县,,
32600,福建省,宁德市,蕉城区,,
32601,福建省,宁德市,福鼎市,,
32602,福建省,宁德市,福安市,,
32604,江西省,九江市,濂溪区,,
32605,江西省,九江市,瑞昌市,,
32606,江西省,南昌市,新建区,,
32607,江西省,南昌市,南昌县,,
32608,江西省,宜春市,高安市,,
32609,江西省,南昌市,进贤县,,
32610,江西省,抚州市,临川区,,
32611,江西省,抚州市,东乡县,,
34343,江西省,鹰潭市,贵溪市,,
34344,江西省,上饶市,戈阳县,,
34346,江西省,上饶市,玉山县,,
34347,江西省,宜春市,高安市,,
34348,江西省,宜春市,丰城市,,
34349,江西省,吉安市,峡江区,,
34350,江西省,宜春市,樟树市,,
34351,江西省,新余市,分宜县,,
34352,江西省,宜春市,万载县,,
34353,江西省,宜春市,袁州区,,
34354,江西省,萍乡市,上栗县,,
34355,江西省,萍乡市,芦溪县,,
34356,江西省,吉安市,安福县,,
34357,江西省,吉安市,永新县,,
34358,江西省,吉安市,永丰县,,
34359,江西省,吉安市,泰和县,,
34360,江西省,吉安市,万安县,,
34361,江西省,吉安市,井冈山市,,
34362,江西省,赣州市,赣县区,,
34363,江西省,赣州市,章贡区,,
34364,江西省,赣州市,上犹区,,
34365,江西省,赣州市,南康区,,
34366,江西省,赣州市,大余县,,
34367,江西省,赣州市,兴国县,,
34368,江西省,赣州市,于都县,,
34369,江西省,吉安市,吉州区,,
34370,江西省,赣州市,石城县,,
34371,江西省,赣州市,宁都去,,
34372,江西省,赣州市,会昌县,,
34373,山东省,德州市,乐陵市,,
34374,山东省,菏泽市,东明县,,
34375,山东省,东营市,垦利区,,
34376,山东省,东营市,河口区,,
34377,山东省,临沂市,沂水县,,
34379,河南省,南阳市,宛城区,,
34380,河南省,南阳市,桐柏县,,
34381,河南省,信阳市,罗山县,,
34382,河南省,南阳市,新野县,,
34383,河南省,许昌市,建安区,,
34384,河南省,开封市,鼓楼区,,
34385,河北省,沧州市,黄骅市,,沧州中油燃气有限公司
34386,河北省,沧州市,海兴县,,
34387,河南省,焦作市,博爱县,,
34388,河南省,安阳市,龙安区,,
34389,河北省,邯郸市,丛台区,,
34390,河南省,周口市,川汇区,,
34391,河南省,南阳市,邓州市,,
34394,湖南省,常德市,武陵区,,
34395,湖南省,衡阳市,衡南县,,
34396,湖南省,衡阳市,耒阳市,,
34397,湖南省,郴州市,北湖区,,
34398,湖南省,郴州市,资兴市,,
34399,湖南省,郴州市,桂阳县,,
34400,湖南省,娄底市,冷水江市,"",
34401,湖南省,娄底市,新化县,,
34402,湖南省,岳阳市,临湘市,,
34403,湖南省,长沙市,浏阳市,,
34404,湖南省,衡阳市,耒阳市,,
34405,湖南省,衡阳市,常宁市,,
34406,湖南省,郴州市,永兴县,,
34407,湖南省,郴州市,永兴县,,
34408,广东省,东莞市,东莞市,,
34409,广西壮族自治区,河池市,南丹县,,
34410,广西壮族自治区,河池市,天峨县,,
34411,广西壮族自治区,河池市,东兰县,,
34412,广西壮族自治区,河池市,凤山县,,
34413,广西壮族自治区,河池市,巴马瑶族自治县,,
34414,广西壮族自治区,河池市,罗城仫佬族自治县,,
34415,广西壮族自治区,柳州市,忻城县,,
34417,广西壮族自治区,柳州市,鹿寨县,,
34418,广西壮族自治区,柳州市,柳江区,,
34419,广西壮族自治区,柳州市,柳北区,,
34421,广西壮族自治区,柳州市,柳城县,,
34744,广西壮族自治区,柳州市,融水苗族自治区,,
34745,广西壮族自治区,柳州市,融安县,,
34746,广西壮族自治区,柳州市,三江侗族自治区,,
34747,广西壮族自治区,桂林市,临桂区,,
34748,广西壮族自治区,桂林市,阳溯县,,
34749,广西壮族自治区,桂林市,平乐县,,
34750,广西壮族自治区,桂林市,恭城瑶族自治县,,
34751,广西壮族自治区,桂林市,荔浦县,,
34752,广西壮族自治区,梧州市,蒙山县,,
34753,广西壮族自治区,桂林市,临桂区,,
34754,广西壮族自治区,桂林市,龙胜各族自治县,,
34755,广西壮族自治区,桂林市,灵川县,,
34756,广西壮族自治区,桂林市,兴安县,,
34757,广西壮族自治区,桂林市,资源县,,
34758,广西壮族自治区,桂林市,全州县,,
34760,广西壮族自治区,桂林市,全州县,,
34761,广西壮族自治区,桂林市,灌阳县,,
34762,广西壮族自治区,来宾市,象州县,,
34763,广西壮族自治区,来宾市,金秀瑶族自治县,,
34764,广西壮族自治区,来宾市,武宣县,,
34765,广西壮族自治区,河池市,宜州区,,
34766,广西壮族自治区,来宾市,合山市,,
34767,广西壮族自治区,贺州市,钟山县,,
34768,广西壮族自治区,贺州市,昭平县,,
34769,广西壮族自治区,贺州市,富川瑶族自治县,,
34770,广西壮族自治区,玉林市,福绵区,,
34771,广西壮族自治区,玉林市,博白县,,
34772,广西壮族自治区,玉林市,北流市,,
34773,广西壮族自治区,玉林市,容县,,
34774,广西壮族自治区,玉林市,陆川县,,
34778,广西壮族自治区,南宁市,宾阳县,,
34779,广西壮族自治区,南宁市,上林县,,
34780,广西壮族自治区,河池市,大化瑶族自治县,,
34781,广西壮族自治区,南宁市,马山县,,
34782,广西壮族自治区,河池市,都安瑶族自治县,,
35178,广西壮族自治区,南宁市,武鸣区,,
35179,广西壮族自治区,百色市,右江区,,
35180,广西壮族自治区,百色市,田林县,,
35181,广西壮族自治区,百色市,隆林各种自治县,,
35182,广西壮族自治区,百色市,凌云县,,
35183,广西壮族自治区,百色市,乐业县,,
35184,广西壮族自治区,百色市,德保县,,
35185,广西壮族自治区,百色市,靖西市,,
35186,广西壮族自治区,百色市,那坡县,,
35187,广西壮族自治区,崇左市,天等县,,
35188,广西壮族自治区,崇左市,大新县,,
35189,广西壮族自治区,崇左市,江州区,,
35190,广西壮族自治区,崇左市,宁明县,,
35191,广西壮族自治区,崇左市,龙州县,,
35192,广西壮族自治区,崇左市,扶绥县,,
35193,广西壮族自治区,崇左市,扶绥县,,
35194,广西壮族自治区,防城港市,上思县,,
35195,广西壮族自治区,贵港市,桂平市,,
35196,广西壮族自治区,贵港市,平南县,,
35197,广西壮族自治区,梧州市,藤县,,
35198,广西壮族自治区,梧州市,岑溪市,,
35199,广西壮族自治区,防城港市,东兴末站,,
35200,贵州省,六盘水市,六枝特区,,
35201,贵州省,六盘水市,水城区,,
35202,贵州省,毕节市,七星关区,,
35203,贵州省,遵义市,绥阳县,,
35204,贵州省,遵义市,凤冈县,,
35205,贵州省,铜仁市,碧江区,,
35206,贵州省,黔东南苗族侗族自治州,凯里市,,
35207,贵州省,黔东南苗族侗族自治州,麻江县,,
35208,贵州省,黔东南布依族苗族自治州,瓮安县,,
35209,四川省,攀枝花市,仁和区,,
35210,云南省,红河哈尼族彝族自治州,个旧市,,
35211,云南省,昭通市,昭阳区,,
35212,西藏自治区,拉萨市,当雄县,,
35213,西藏自治区,拉萨市,堆龙德庆区,,
35215,青海省,海西蒙古族藏族自治州,大柴旦行政委员会,,
35216,青海省,海西蒙古族藏族自治区,茫崖市,,
35217,新疆维吾尔自治区,阿克苏地区,库车市,,
35218,新疆维吾尔自治区,阿克苏地区,新和县,,
